sample	count	spacer	locus_tag	unique_name
AC41	612	AATATCCTTAAAAAACCAGA		
AC41	574	ACAATTTGACGATCTTGCAA	GO593_09950	nuoB
AC42	1016	AATATCCTTAAAAAACCAGA		
AC42	954	ACAATTTGACGATCTTGCAA	GO593_09950	nuoB
AC43	867	AATATCCTTAAAAAACCAGA		
AC43	770	ACAATTTGACGATCTTGCAA	GO593_09950	nuoB
AC44	670	AATATCCTTAAAAAACCAGA		
AC44	673	ACAATTTGACGATCTTGCAA	GO593_09950	nuoB
AC45	484	AATATCCTTAAAAAACCAGA		
AC45	586	ACAATTTGACGATCTTGCAA	GO593_09950	nuoB
AC46	617	AATATCCTTAAAAAACCAGA		
AC46	677	ACAATTTGACGATCTTGCAA	GO593_09950	nuoB
AC47	735	AATATCCTTAAAAAACCAGA		
AC47	641	ACAATTTGACGATCTTGCAA	GO593_09950	nuoB
AC48	685	AATATCCTTAAAAAACCAGA		
AC48	634	ACAATTTGACGATCTTGCAA	GO593_09950	nuoB
AC49	55	AATATCCTTAAAAAACCAGA		
AC49	1808	ACAATTTGACGATCTTGCAA	GO593_09950	nuoB
AC50	245	AATATCCTTAAAAAACCAGA		
AC50	2227	ACAATTTGACGATCTTGCAA	GO593_09950	nuoB
AC51	529	AATATCCTTAAAAAACCAGA		
AC51	520	CCAGCACTACCATCCATAAT	GO593_05480	lpxC
AC52	908	AATATCCTTAAAAAACCAGA		
AC52	951	CCAGCACTACCATCCATAAT	GO593_05480	lpxC
AC53	1013	AATATCCTTAAAAAACCAGA		
AC53	995	CCAGCACTACCATCCATAAT	GO593_05480	lpxC
AC54	677	AATATCCTTAAAAAACCAGA		
AC54	638	CCAGCACTACCATCCATAAT	GO593_05480	lpxC
AC55	949	AATATCCTTAAAAAACCAGA		
AC55	853	CCAGCACTACCATCCATAAT	GO593_05480	lpxC
AC56	1919	AATATCCTTAAAAAACCAGA		
AC56	1763	CCAGCACTACCATCCATAAT	GO593_05480	lpxC
