sample	all_matches	all_reads	all_matches_proportion
AC41	1191	4219	0.282294
AC42	1979	6446	0.307012
AC43	1642	5420	0.302952
AC44	1347	4466	0.301612
AC45	1075	3599	0.298694
AC46	1295	4317	0.299977
AC47	1378	4324	0.318686
AC48	1326	4714	0.28129
AC49	1867	5415	0.344783
AC50	2477	7616	0.325236
AC51	1053	3414	0.308436
AC52	1863	6293	0.296043
AC53	2014	6739	0.298857
AC54	1320	4546	0.290365
AC55	1806	5744	0.314415
AC56	3687	12397	0.297411
