sample	count	spacer	locus_tag	unique_name	barcode_proportion_of_matches	all_matches	all_reads	all_matches_proportion
AC41	612	AATATCCTTAAAAAACCAGA			0.513854	1191	4219	0.282294
AC41	574	ACAATTTGACGATCTTGCAA	GO593_09950	nuoB	0.481948	1191	4219	0.282294
AC42	1016	AATATCCTTAAAAAACCAGA			0.513391	1979	6446	0.307012
AC42	954	ACAATTTGACGATCTTGCAA	GO593_09950	nuoB	0.482062	1979	6446	0.307012
AC43	867	AATATCCTTAAAAAACCAGA			0.528015	1642	5420	0.302952
AC43	770	ACAATTTGACGATCTTGCAA	GO593_09950	nuoB	0.46894	1642	5420	0.302952
AC44	670	AATATCCTTAAAAAACCAGA			0.497402	1347	4466	0.301612
AC44	673	ACAATTTGACGATCTTGCAA	GO593_09950	nuoB	0.499629	1347	4466	0.301612
AC45	484	AATATCCTTAAAAAACCAGA			0.450233	1075	3599	0.298694
AC45	586	ACAATTTGACGATCTTGCAA	GO593_09950	nuoB	0.545116	1075	3599	0.298694
AC46	617	AATATCCTTAAAAAACCAGA			0.476448	1295	4317	0.299977
AC46	677	ACAATTTGACGATCTTGCAA	GO593_09950	nuoB	0.52278	1295	4317	0.299977
AC47	735	AATATCCTTAAAAAACCAGA			0.533382	1378	4324	0.318686
AC47	641	ACAATTTGACGATCTTGCAA	GO593_09950	nuoB	0.465167	1378	4324	0.318686
AC48	685	AATATCCTTAAAAAACCAGA			0.516591	1326	4714	0.28129
AC48	634	ACAATTTGACGATCTTGCAA	GO593_09950	nuoB	0.47813	1326	4714	0.28129
AC49	55	AATATCCTTAAAAAACCAGA			0.029459	1867	5415	0.344783
AC49	1808	ACAATTTGACGATCTTGCAA	GO593_09950	nuoB	0.968399	1867	5415	0.344783
AC50	245	AATATCCTTAAAAAACCAGA			0.09891	2477	7616	0.325236
AC50	2227	ACAATTTGACGATCTTGCAA	GO593_09950	nuoB	0.899071	2477	7616	0.325236
AC51	529	AATATCCTTAAAAAACCAGA			0.502374	1053	3414	0.308436
AC51	520	CCAGCACTACCATCCATAAT	GO593_05480	lpxC	0.493827	1053	3414	0.308436
AC52	908	AATATCCTTAAAAAACCAGA			0.487386	1863	6293	0.296043
AC52	951	CCAGCACTACCATCCATAAT	GO593_05480	lpxC	0.510467	1863	6293	0.296043
AC53	1013	AATATCCTTAAAAAACCAGA			0.502979	2014	6739	0.298857
AC53	995	CCAGCACTACCATCCATAAT	GO593_05480	lpxC	0.494042	2014	6739	0.298857
AC54	677	AATATCCTTAAAAAACCAGA			0.512879	1320	4546	0.290365
AC54	638	CCAGCACTACCATCCATAAT	GO593_05480	lpxC	0.483333	1320	4546	0.290365
AC55	949	AATATCCTTAAAAAACCAGA			0.525471	1806	5744	0.314415
AC55	853	CCAGCACTACCATCCATAAT	GO593_05480	lpxC	0.472315	1806	5744	0.314415
AC56	1919	AATATCCTTAAAAAACCAGA			0.520477	3687	12397	0.297411
AC56	1763	CCAGCACTACCATCCATAAT	GO593_05480	lpxC	0.478167	3687	12397	0.297411
